title,body,date,mood,tags
Morning Sunrise,A beautiful golden sunrise over the mountains,2024-01-15,5,nature,photography
Creative Block,Felt stuck on the design project today,2024-01-16,2,design,work
New Recipe,Tried a fantastic pasta recipe from the cookbook,2024-01-17,4,cooking,food
Book Insight,Read an amazing chapter about cognitive science,2024-01-18,4,reading,science
Evening Walk,Peaceful walk through the park at sunset,2024-01-19,3,nature,wellness
Team Meeting,Great brainstorming session with the team,2024-01-20,4,work,collaboration
Music Discovery,Found an incredible new album by an indie artist,2024-01-21,5,music,discovery
Code Refactor,Cleaned up the authentication module significantly,2024-01-22,3,coding,work
Garden Project,Planted new herbs in the backyard garden,2024-01-23,4,gardening,nature
Film Analysis,Watched a thought-provoking documentary on AI,2024-01-24,3,film,technology
